merges,ngram_n,vocab_size,delta,val_token_ppl,tokenizer_tag
100,3,358,1.0,21.308545507205178,bpe_0100
100,2,358,1.0,31.913932532426028,bpe_0100
200,3,458,1.0,40.109060360904024,bpe_0200
